bytes_in,bytes_out,byte_ratio,duration_ms,packet_count,ja4_hash,is_malicious
5745.071229516849,1367.7034063596686,0.23802409537388736,72.16717023616899,36.05590893316281,957,0.0
4792.603548243223,2163.483741787713,0.4513272155309119,102.01874931138681,22.622677406578998,957,0.0
5971.5328071510385,2225.8283867785844,0.372677465097145,120.1573109915455,36.95684736084528,957,0.0
7284.544784612038,1858.178184622705,0.25504999825783853,121.40941781294227,40.845102870439604,957,0.0
4648.769937914996,2370.9714306671926,0.5099115574157547,106.49803585562269,33.307479225789606,957,0.0
4648.794564576229,2823.2406854516307,0.6071753593072845,138.68549797042496,45.014366500464526,957,0.0
7368.819223261087,4008.948720968424,0.5439683931886861,87.97138711852216,23.809686407171416,957,0.0
6151.152093729363,2639.6622502654714,0.42906323024035303,115.7286154493612,20.042762373508666,957,0.0
4295.788421097572,2706.0403125782113,0.6297820714865408,123.60886895135697,15.770238008765771,957,0.0
5813.840065378947,2440.443267387066,0.4196922425979097,135.43316502176248,41.968354491913466,957,0.0
4304.873460781307,964.9830277607668,0.2241085430284961,141.3484463426667,35.23492525083246,957,0.0
4301.405369644614,2478.7888996406264,0.5761402486919494,86.26073724486392,29.555322632716358,957,0.0
5362.943407349051,2548.184167952821,0.47505798895297735,73.97657487793134,32.23974901055856,957,0.0
2130.079633013303,4470.593689988229,2.097806961660509,158.33030465695526,20.996087621612986,957,0.0
2412.623251230451,2346.111228175102,0.9720287650440342,129.96942035938775,49.56601583693461,957,0.0
4156.568706138541,2741.23787386689,0.6593367584808699,97.5454039033034,31.03376945580182,957,0.0
3480.7533194983644,2472.2305842358055,0.7100533430645206,166.53455926567568,30.875158356839144,957,0.0
5471.37099889291,1565.0575699043743,0.28599259264786575,123.47023902878576,35.806132991189536,957,0.0
3637.963886718184,3414.2582516120165,0.9382501057715033,155.3789155219148,33.84807385389371,957,0.0
2881.544447997063,3101.5464261494194,1.0759752302534416,122.02555444230327,31.791072194233053,957,0.0
7198.473153382331,3132.8255576344372,0.43514650181904324,181.82243774645963,23.676204356437506,957,0.0
4661.335549270197,1772.490036164209,0.38017212991923327,172.66022527329613,33.77174685708797,957,0.0
5101.292307031886,3622.235448748879,0.7099231542961153,112.5310755456278,45.05619597180027,957,0.0
2862.877720679815,1378.5191497661754,0.48134707002746907,149.14712852863067,40.76336036923982,957,0.0
4183.425913212226,2969.4856750402164,0.7096518702037801,139.36127848755442,42.74549301311518,957,0.0
5166.383884564799,4252.364500647983,0.822924055120035,161.05894672597046,25.910274588550518,957,0.0
3273.5096338665458,1707.5709398954493,0.521473787169515,91.05229618259686,22.083161437931352,957,0.0
5563.547027518508,2046.9618163177824,0.3678577620415257,140.58154379995318,28.993704639202814,957,0.0
4099.041965121793,2579.721092070113,0.6291938263108685,151.75273460548763,30.445799298309556,957,0.0
4562.459375310085,2097.2194767070405,0.45956790763904526,67.23781540730657,38.75353214776759,957,0.0
4097.440081655905,1259.469255147094,0.3073045427171957,84.50224462002674,16.460282962281447,957,0.0
7778.417276763406,2554.850379844822,0.3284115363596689,58.823034667196985,42.23640255568491,957,0.0
4979.754162893099,1650.1570290191162,0.33130666060832303,111.91779496666327,28.735936811368084,957,0.0
3413.433606566149,2878.873944508145,0.8431483157182812,141.52626767387886,26.58495144042064,957,0.0
6233.817368154783,1764.4606126129574,0.28300117043126094,165.07071156288083,21.90316499791866,957,0.0
3168.7345250434664,3739.947524014032,1.1798929829818308,122.22284341259325,16.761146625073845,957,0.0
5313.295392507133,1873.3973661310104,0.3525203677560714,168.85846636713876,36.58536467169532,957,0.0
2060.4948141803366,2242.3507870354597,1.0877305009991174,78.59695625355326,30.58654373750723,957,0.0
3007.720926652354,3150.8137738957357,1.0472269946955435,68.89852681934536,19.68031280207157,957,0.0
5295.291853803686,1515.3085468528357,0.28610744813176653,118.33356903310144,19.639369823491073,957,0.0
6107.6998699931155,2681.9679476833035,0.4390407132060207,131.52196346817922,27.313722405678973,957,0.0
5257.052421784956,3545.7142034259423,0.6743398351708093,119.01915755717721,43.352172202315145,957,0.0
4826.5275764176395,1214.013412351018,0.2514772610065337,57.9767369988037,27.92326918909116,957,0.0
4548.344456616067,2647.7070868258434,0.581997497018567,117.32639881461635,17.97485637505515,957,0.0
2782.217014448859,2707.9062353987388,0.9729411042476566,80.86591498485441,28.034055487312447,957,0.0
3920.233687407937,3125.4582974218483,0.797059942501891,140.09017646490116,27.818211442018637,957,0.0
4309.041843560319,1510.4394312975344,0.3504465817551861,130.99794738290544,8.424906856467427,957,0.0
6585.683339328374,1443.6347095325789,0.2191747553602269,91.80360641017934,29.565641067857502,957,0.0
5515.427434352692,2917.553252493518,0.5288845520426698,104.5839924798992,28.152523758330577,957,0.0
2355.439766955899,2737.5877385865488,1.1617473856007043,88.22359434333146,35.56965091850735,957,0.0
5486.125954092193,2700.3942802767015,0.4921327308447876,118.11962708180485,44.79164875956276,957,0.0
4422.376579375526,2777.1585675975807,0.6278367934004047,148.65426961503715,39.01252023638206,957,0.0
3984.616999541062,1955.9802227372074,0.49075970494968174,90.42821860993368,27.848890475561355,957,0.0
5917.514433261302,2685.802957728803,0.4537968079683865,135.12139546553533,21.147792730066637,957,0.0
6546.499283743927,2734.457978638945,0.4176339484951198,104.09227144882678,50.58687842599888,957,0.0
6396.920178674298,1928.5188655789057,0.30142902876579974,96.21381503212967,30.473747472115907,957,0.0
3741.1737151660423,3992.619608915805,1.066925245275165,116.78908920136327,30.11143433530357,957,0.0
4536.181436223178,2879.06633672943,0.6345495275423702,88.94273032741879,29.806999303119973,957,0.0
5496.895147105346,1546.9572022378811,0.2813726273139926,103.39052083958454,31.58467808614284,957,0.0
6463.317690683539,3025.2428869070636,0.4679910597938409,84.06366322233455,28.84511670460846,957,0.0
4281.238643232065,1720.254663818143,0.4017185418979271,178.94175398749167,25.410703944958108,957,0.0
4721.511535004274,3129.6676829939615,0.6627125544948254,121.05790655915186,25.625128470076863,957,0.0
3340.4975389909578,3426.8764632059233,1.0255510959438707,99.00823476022244,29.737973838272012,957,0.0
3205.690063878994,1843.4541453186316,0.5748775555466951,126.41939732202665,25.652601830929882,957,0.0
6218.7887335912965,3270.7009033954573,0.5258540190812815,116.6301585092751,24.297233738582683,957,0.0
7034.360042856235,2830.224741549199,0.40228570027813054,113.37091201400331,30.851441821535175,957,0.0
4891.984817629499,3157.648127995592,0.6453419018629565,138.42500100130275,27.960182260633157,957,0.0
6505.299346838036,4017.434386123158,0.6174684212886041,142.72523130141914,42.03194390866151,957,0.0
5542.454037571451,2303.6895071977037,0.41556933485587877,104.08496557168418,8.792241532855904,957,0.0
4032.3203680923134,1897.0110685140085,0.4703348346740083,102.7254527806596,38.7320548153797,957,0.0
5542.093408262621,1788.3884562995813,0.3226336495852265,111.74844908545069,39.968681539981034,957,0.0
7307.054849698954,1847.3517720276495,0.25278296482733004,50.94236505793245,13.412878140734804,957,0.0
4946.260941335073,2438.3186324687167,0.49286234572674664,74.54426813404343,27.25849924735721,957,0.0
7346.965483721009,2772.921579853315,0.37737270078317076,161.00622802333572,27.02847307203367,957,0.0
1070.3823438653835,2721.3526394640153,2.540038721980233,169.34903140503852,18.73990644225743,957,0.0
6232.853756562836,3161.746599228819,0.5071897292906841,112.52891881330865,23.777466499272997,957,0.0
5130.570602357257,2510.4015135023255,0.4892072443374624,137.296708891673,21.11539323627337,957,0.0
4551.488974301199,3662.8272617258535,0.8045768550791697,129.33750463630608,44.01816354738898,957,0.0
5137.641164803254,2288.2745334096353,0.44530732153142044,212.36642425365713,37.48542714517969,957,0.0
2018.6466280986606,4676.135333271695,2.3153235166064228,153.5872473430373,40.17244075995327,957,0.0
4670.4921682437325,3000.533878212005,0.6423073763473885,116.162472255577,35.773376512345884,957,0.0
5535.668857267619,1814.273954866974,0.32768330590793715,91.33378678198723,20.967585830262166,957,0.0
7216.841067112275,1643.28600155111,0.22767001742926415,71.80661039227283,25.80383786976181,957,0.0
4222.594672589529,2885.9779321945484,0.6832989801138104,126.10390907601669,33.914996489823345,957,0.0
3787.2595956602186,2321.2297717393194,0.6127430586854423,97.30947764147089,20.222977528864437,957,0.0
4247.364434623195,3071.2003952736736,0.7229135924037249,77.33238871206977,35.703987441379105,957,0.0
6373.103176553112,2878.5900996588357,0.4516070763095923,100.60281347272421,28.077396814734918,957,0.0
5493.126664489527,2441.7368698745017,0.44442675223640293,87.55355989156814,27.00143353960322,957,0.0
4205.359694349442,1822.565025545276,0.4332879634600899,170.61424905217694,35.68767974562793,957,0.0
5769.901149670034,1288.1222202513084,0.2232098916345084,146.4491927084835,33.55410649188832,957,0.0
5145.61632402206,2142.788038346383,0.4163488986627631,119.76082076050147,27.112270673447362,957,0.0
6452.967485799334,3185.119035458778,0.4935133377208664,164.39832416670077,39.27463842691398,957,0.0
3946.9203591839714,2671.274995304163,0.6766283897014354,122.32104922942855,21.35149337920082,957,0.0
4508.506780103347,1503.4089770304095,0.33338656539195954,94.1614739601521,34.92748485555411,957,0.0
4411.837770301763,2638.544740680946,0.5979247092286636,165.69372231808973,34.74481006374707,957,0.0
2804.727577801822,2808.2539037830693,1.0009004174180112,136.16730131053976,27.52362848548808,957,0.0
5444.180415596864,1792.9140510390935,0.32926623439391883,88.88261537020631,32.60906417793694,957,0.0
5391.582908269834,2622.9800847564225,0.4864051474728247,114.28983965749175,19.991091388917575,957,0.0
5007.670184963691,2546.5669747568,0.5084317554790765,93.7314523984573,37.392216153655205,957,0.0
4648.11929993728,1585.6237617355014,0.34105895319934953,78.51600807106992,28.520782908456088,957,0.0
907.336208104485,11684.019956311711,12.863100526063924,19.630887737658206,6.954553958961921,1582,1.0
968.2353579104704,12759.275839212121,13.164269890771683,24.547083202350652,10.098018451673779,1582,1.0
1124.915372952583,17989.174420493047,15.97737703262592,8.007162130904295,6.591312618914482,1582,1.0
1116.1406156104708,17441.48106173386,15.612610282012543,17.814846183452854,5.183077407272881,1582,1.0
386.69918961287266,14916.393624143408,38.474141870241716,11.746787154390866,4.8867416529521925,1582,1.0
518.6524880254632,15469.309533235128,29.768566281697712,12.56437308117652,9.21201990269128,1582,1.0
954.510580162598,20110.659583153698,21.047029724915756,12.038030378805654,5.439141295007434,1582,1.0
954.1357852736626,12633.71444465668,13.22713967945082,10.68004615160092,11.50958836396873,1582,1.0
954.5143058918144,17188.38952468015,17.98862604012782,15.242608139724135,3.836141184232556,1582,1.0
1955.8194471964164,14191.229390264423,7.25219151444787,10.84524941794481,11.392912736580076,1582,1.0
971.2671532079501,14129.27518709112,14.532297157702217,16.352284128899193,8.422034934405238,1582,1.0
1140.6696920541797,19395.10740794876,16.98837022909104,14.748809452754315,7.806573776259215,1582,1.0
1086.2005290479606,18301.66539595212,16.833753210163096,13.805259765667952,6.910161826382101,1582,1.0
995.4173753917394,18254.038544002553,18.319671048315488,10.462181689792011,8.798272228704143,1582,1.0
705.4192266078963,20221.915228617316,28.625941179035394,12.116143347158337,7.9247305951503035,1582,1.0
1027.6907661479802,15084.015366531035,14.66331366326385,18.77695612912878,10.206603764033042,1582,1.0
568.1524356387284,17727.811885179857,31.147739647788576,17.504585938121902,8.228455297324079,1582,1.0
728.9544179779973,13758.932973626175,18.84903034320823,10.112223776007244,8.300603522923755,1582,1.0
654.3909356512689,16296.665409953768,24.865564235732982,15.496661527146129,7.272775575572288,1582,1.0
824.5622418158968,14479.427782529261,17.538868723792994,18.756935616858947,7.886108752557865,1582,1.0
1494.3975700020526,15387.983859970873,10.290229279929719,6.652973594393142,8.615603537784118,1582,1.0
239.82044222247555,17380.628101747654,72.1725611885183,17.716800961899676,4.579663214686748,1582,1.0
1005.8780571123541,11727.11726706611,11.647008477569317,11.686881205270767,5.303629155788574,1582,1.0
316.1852386431045,23369.54910274184,73.67792146543476,17.852993342965796,9.48652818804543,1582,1.0
658.4204402631699,10975.930474001192,16.644813845353017,11.183704217287415,8.341730876255884,1582,1.0
1126.6851790902099,10143.24554884907,8.994749365272677,5.975589496677404,7.632033327294642,1582,1.0
819.2840057286388,19632.443494000272,23.933714855943386,6.862287810584187,8.036867866130786,1582,1.0
476.67656662120817,18166.650775851744,38.03127899773589,15.24042473330691,8.695163410723342,1582,1.0
585.4088872220095,17496.47926820862,29.83665433703531,16.29861250860741,6.920480639381277,1582,1.0
1003.8793246804028,17513.38203705712,17.42834349052526,10.478416874477958,6.4433905491953745,1582,1.0
580.890010484859,14951.012908612342,25.693881385168364,18.19296229388687,8.391690510195364,1582,1.0
864.9375768745924,11410.982514056674,13.177604043055918,6.6923996886552,6.043254444769936,1582,1.0
813.6715519711441,15303.218232774905,18.78452512027442,14.669601006763417,8.816505511428943,1582,1.0
604.5198957182549,12291.353153951553,20.298842764483915,8.944919001187717,4.594832791524319,1582,1.0
1443.1832267975979,18900.478933671006,13.087313702972335,11.740819460989204,10.058311274651288,1582,1.0
990.1757066954034,14411.770473991446,14.540076372574276,15.23699335658207,8.945194964826086,1582,1.0
192.4572240027179,11698.011212829953,60.46820568802128,10.697933173580239,8.51205946862775,1582,1.0
855.9362944308283,13714.456633388027,16.00405622041844,13.077222278850874,9.965381967891028,1582,1.0
601.4640605694835,16651.7258171025,27.63936790082106,20.0314640460722,11.330948888925153,1582,1.0
1055.7300004388671,12745.1017887841,12.0608876283355,12.115540652384256,10.028740130036262,1582,1.0
562.2437784701898,11711.118417734275,20.792273018163655,19.17846056032571,4.318251537336709,1582,1.0
765.5790675599303,15974.74884596765,20.83900998864512,9.35146572671191,5.4408460665285965,1582,1.0
951.4961836941371,15979.866284434891,16.776829721730728,17.649020889576413,6.7503628446086426,1582,1.0
1059.7265582510365,12972.227298515481,12.229567740723443,22.207843103289502,8.052182100421668,1582,1.0
439.9110778832671,13115.846777526709,29.747147294401117,2.6417774993635526,9.035318040938247,1582,1.0
699.6496292477154,15928.199749430545,22.733473457386378,11.015523722647616,6.548512373693069,1582,1.0
657.5164066517132,9207.662634010703,13.982434668299161,17.8853606359027,8.373533528954157,1582,1.0
604.0012302278865,9370.14490249378,15.487811320589078,13.984773069785037,6.489234135293355,1582,1.0
1329.636272084329,12126.223114990256,9.113101280484077,16.855729366856544,6.776964394016104,1582,1.0
921.4945132882866,14146.211393152611,15.334737702371365,11.980074066420897,5.186677806303555,1582,1.0
421.73481369948644,16243.630262392018,38.4251065585038,15.4329489373645,6.153533507778191,1582,1.0
1075.358584116433,20901.424867798207,19.418644656377115,14.221613823039602,5.296630788767333,1582,1.0
1436.6468591037901,18430.638492808077,12.820004005919431,20.838910308299035,6.048253494045334,1582,1.0
1109.739578165344,14360.24588014629,12.928544334276557,16.272104216506065,10.10728359321568,1582,1.0
344.189010213796,14923.935168389246,43.234097050615745,16.68801331037601,6.101202222336114,1582,1.0
654.7297781401246,10989.882541448766,16.759773473487595,12.940615169387662,13.26476412967478,1582,1.0
1180.073344755987,14925.94745603044,12.637612661654119,12.561968879637533,8.986635801761778,1582,1.0
587.6991603143658,13845.365444319446,23.518575152928722,12.837209060901895,8.369672247389747,1582,1.0
933.1458284438686,16290.874241352358,17.439326650412003,16.972260711891483,6.283284439637573,1582,1.0
1032.390216028801,11691.076225790708,11.313321961493076,12.895077595898686,9.400619758817983,1582,1.0
521.9208585265751,17077.38605696469,32.657687637634766,16.448874284482066,6.848724347524453,1582,1.0
782.14239318146,21130.95565201031,26.982265084855534,25.377003993227195,8.244019629290722,1582,1.0
10.0,14564.95940617257,1324.0872187429609,19.355623517158463,13.12016907653759,1582,1.0
492.68370759971305,16606.846888395765,33.63863670757568,13.369882339160794,7.8078802005507,1582,1.0
724.229554582052,17760.57596684445,24.489592094850337,21.006069610819722,10.298546652571352,1582,1.0
425.66504541054513,13395.118112456656,31.39492737111291,12.959623134892244,6.593647149748225,1582,1.0
1289.7233911794906,15896.369927241667,12.315861040307967,4.809377324110731,7.930023019006077,1582,1.0
370.9575866118102,15050.36960312718,40.46259612613937,9.95956844541298,11.54160127127102,1582,1.0
667.9866539909049,15390.704394195327,23.005996162076755,5.646040394870722,6.746065884424465,1582,1.0
839.2221731858274,11907.960864578134,14.172395402786536,13.242432579793457,11.624897115993857,1582,1.0
1232.3819867198347,15098.04069703577,12.241171721008216,15.092091895947759,9.415503870910952,1582,1.0
369.2413546461682,16991.9931649818,45.89436850246155,23.382186561376415,6.875066448211465,1582,1.0
1148.9491256464878,20804.574431180168,18.091734640420796,16.634636868820813,9.264815478111043,1582,1.0
803.0699183058761,18837.083304340827,23.42717079135277,13.904497355955678,9.94510889925346,1582,1.0
505.5474046856147,23612.729830046228,46.61504453803551,19.147027905917447,9.243619924434393,1582,1.0
938.6310422789812,11930.609748447801,12.697121754844645,3.944323454960575,4.859550560219088,1582,1.0
859.717908672041,18489.282546882714,21.481233701072764,16.178072790542828,6.545725648350263,1582,1.0
619.9349368523616,15733.368022953407,25.33819099100603,18.854325969434832,7.504962728896991,1582,1.0
820.9406254970057,23759.211732870688,28.906238474955686,7.607068771100792,7.851133141799908,1582,1.0
684.4059209414719,11766.806858579394,17.16764693601791,20.718770216034645,9.241344195101355,1582,1.0
834.0552035753744,11641.112631276896,13.940530615741665,16.69248203747207,8.355402001866508,1582,1.0
998.639202356314,12602.429418223912,12.606977986175325,12.923560430495993,5.3293112825797975,1582,1.0
1275.8050448436056,6504.417102760772,5.09429151226254,18.163909330531425,8.760395702011927,1582,1.0
428.6553503519453,12896.979913276955,30.01703552094161,26.35346428902198,9.221171490567647,1582,1.0
1439.9100123968801,11963.469353785207,8.302717901088485,15.909331275292477,9.119580895862079,1582,1.0
214.37366014324948,15601.57514590483,72.4395691447501,16.24110293150168,10.161561451109243,1582,1.0
754.464471489325,16367.023903108638,21.664849269274885,12.70319550229878,9.667844309097807,1582,1.0
976.495161945373,22504.683356863545,23.022807920681263,10.750778152676041,8.918360158456874,1582,1.0
884.2975603205098,18801.695352744202,21.237712827241168,19.151679082721227,7.859668577082706,1582,1.0
613.1901440538219,12692.385377350387,20.665237793588144,10.719580870455664,4.678078132968017,1582,1.0
737.5633248928175,11406.341314606569,15.443958466610688,15.357831186096963,8.859236438265171,1582,1.0
652.0997196023502,16967.67668602602,25.98022350454698,12.611712766174417,8.415375374326223,1582,1.0
623.1905729167365,9719.067171917432,15.570672793890305,17.39489912873196,8.543157674390747,1582,1.0
1054.8806291063074,22325.835063417413,21.144279427035137,16.66831052643474,5.446502848359382,1582,1.0
907.1046457895142,19717.760482885147,21.713092840464828,20.187699721289498,5.837886919183475,1582,1.0
592.1271214218037,13123.297391581182,22.12560666611048,12.449918005726264,10.106305706665808,1582,1.0
1069.8799626299751,8147.46188363649,7.608193418454792,13.650625323533143,7.92088969228669,1582,1.0
892.1898562629829,20415.489496661652,22.85683088932293,10.106181421088463,9.363001394745249,1582,1.0
1043.858635651688,14541.840618989529,13.917519674725805,12.778533699619441,8.056636752260923,1582,1.0
988.8886525770837,19951.265247893847,20.155060062515687,16.88650246522426,8.059512278991491,1582,1.0
